customer_id,customer_name,email,registration_date,customer_type
1,Aryan Maharaj,aryan.maharaj1@example.com,2024-04-26 22:17:55,REGULAR
2,Harsh Chahal,harsh.chahal2@example.com,2025-04-30 02:20:23,REGULAR
3,Ayushman Chander,ayushman.chander3@example.com,2024-03-29 23:03:37,PREMIUM
4,Rushil Saini,rushil.saini4@example.com,2024-03-31 21:08:57,REGULAR
5,Abeer Dutta,abeer.dutta5@example.com,2025-08-22 18:34:09,REGULAR
6,Arunima Dugal,arunima.dugal6@example.com,2024-03-26 10:04:11,REGULAR
7,Harsh Chanda,harsh.chanda7@example.com,2024-09-17 18:46:37,REGULAR
8,Hemangini Lalla,hemangini.lalla8@example.com,2025-12-16 21:06:34,REGULAR
9,Jeet Radhakrishnan,jeet.radhakrishnan9@example.com,2023-11-01 23:48:00,REGULAR
10,Janaki Handa,janaki.handa10@example.com,2025-08-29 15:01:43,REGULAR
11,Vedant Mann,vedant.mann11@example.com,2026-06-24 14:27:19,PREMIUM
12,Harrison Rai,harrison.rai12@example.com,2024-06-01 04:06:23,REGULAR
13,Nicholas Prabhakar,nicholas.prabhakar13@example.com,2024-08-22 12:22:36,REGULAR
14,Ekbal Garg,ekbal.garg14@example.com,2025-03-01 01:33:38,REGULAR
15,Nihal Shere,nihal.shere15@example.com,2024-09-17 06:42:46,REGULAR
16,Ekta Bhalla,ekta.bhalla16@example.com,2024-04-10 01:13:03,PREMIUM
17,Diya Rattan,diya.rattan17@example.com,2024-05-21 06:29:03,VIP
18,Divya Kala,divya.kala18@example.com,2025-07-08 06:49:52,REGULAR
19,Tara Dhar,tara.dhar19@example.com,2024-05-18 05:20:38,REGULAR
20,Adya Sangha,adya.sangha20@example.com,2026-03-23 11:55:01,REGULAR
21,Janaki Kanda,janaki.kanda21@example.com,2026-07-07 11:55:38,REGULAR
22,Yashodhara Tak,yashodhara.tak22@example.com,2023-11-14 21:23:55,REGULAR
23,Imaran Dua,imaran.dua23@example.com,2025-06-08 11:08:17,REGULAR
24,Devansh Rajan,devansh.rajan24@example.com,2024-09-19 14:02:10,REGULAR
25,Zayan Apte,zayan.apte25@example.com,2025-08-03 18:02:30,REGULAR
26,Amara Oak,amara.oak26@example.com,2023-12-06 21:10:35,REGULAR
27,Nakul Setty,nakul.setty27@example.com,2023-08-13 12:04:24,VIP
28,Xiti Gokhale,xiti.gokhale28@example.com,2025-01-31 21:05:55,REGULAR
29,Chanchal Tripathi,chanchal.tripathi29@example.com,2025-05-19 18:45:46,PREMIUM
30,Kashvi Edwin,kashvi.edwin30@example.com,2025-03-06 15:30:40,REGULAR
31,Ekiya Suresh,ekiya.suresh31@example.com,2023-08-30 19:03:55,REGULAR
32,Damyanti Khatri,damyanti.khatri32@example.com,2023-10-10 18:05:02,PREMIUM
33,Frederick Sunder,frederick.sunder33@example.com,2025-12-26 08:31:46,PREMIUM
34,Kabir Soman,kabir.soman34@example.com,2026-05-14 17:22:09,REGULAR
35,Alka Wable,alka.wable35@example.com,2026-02-24 10:46:11,REGULAR
36,Siddharth Zacharia,siddharth.zacharia36@example.com,2025-10-22 15:06:57,VIP
37,Devika Rastogi,devika.rastogi37@example.com,2026-07-05 04:16:56,REGULAR
38,Raksha Varughese,raksha.varughese38@example.com,2024-12-03 00:20:10,REGULAR
39,Umang Bhatt,umang.bhatt39@example.com,2024-08-04 05:00:03,REGULAR
40,Thomas Amble,thomas.amble40@example.com,2023-10-24 16:11:38,REGULAR
41,Veer Bir,veer.bir41@example.com,2026-03-31 14:09:15,REGULAR
42,Ekavir Varkey,ekavir.varkey42@example.com,2024-04-19 14:12:42,PREMIUM
43,Tanish Zacharia,tanish.zacharia43@example.com,2023-12-28 23:56:35,REGULAR
44,Xavier Solanki,xavier.solanki44@example.com,2025-12-17 06:32:13,REGULAR
45,Girindra Chatterjee,girindra.chatterjee45@example.com,2025-07-12 01:26:36,REGULAR
46,Pallavi Roy,pallavi.roy46@example.com,2024-12-19 13:36:46,REGULAR
47,Guneet Bhat,guneet.bhat47@example.com,2024-10-11 22:59:54,REGULAR
48,Ikbal Kothari,ikbal.kothari48@example.com,2024-03-01 03:31:17,REGULAR
49,Logan Sami,logan.sami49@example.com,2024-02-21 12:22:30,REGULAR
50,Zaid Borra,zaid.borra50@example.com,2024-11-24 02:42:43,PREMIUM
51,Chandresh Zachariah,chandresh.zachariah51example.com,2026-01-16 15:59:03,PREMIUM
52,Warjas Ganesan,warjas.ganesan52@example.com,2024-10-15 23:58:09,REGULAR
53,Tanay Rattan,tanay.rattan53@example.com,2026-03-28 10:02:13,REGULAR
54,Ladli Agate,ladli.agate54@example.com,2026-06-24 16:41:16,REGULAR
55,Suhani Mangal,suhani.mangal55@example.com,2024-11-02 16:13:00,PREMIUM
56,Mohammed Gupta,mohammed.gupta56@example.com,2024-06-21 03:05:16,REGULAR
57,Darsh Murthy,darsh.murthy57@example.com,2023-10-09 22:39:20,VIP
58,Yadavi Wali,yadavi.wali58@example.com,2024-01-24 18:12:49,REGULAR
59,Quincy Biswas,quincy.biswas59@example.com,2025-05-04 22:28:52,REGULAR
60,Netra Dar,netra.dar60@example.com,2026-05-09 03:04:34,PREMIUM
61,Balveer Bumb,balveer.bumb61@example.com,2024-10-29 15:30:25,PREMIUM
62,Advika Jayaraman,advika.jayaraman62@example.com,2025-07-23 12:07:03,REGULAR
63,William Lanka,william.lanka63@example.com,2024-10-04 16:14:08,REGULAR
64,Tanvi Mutti,tanvi.mutti64@example.com,2026-04-25 17:29:49,PREMIUM
65,Aditya Shanker,aditya.shanker65@example.com,2025-06-01 18:24:09,REGULAR
66,Ethan Yogi,ethan.yogi66@example.com,2024-03-24 02:51:31,PREMIUM
67,Kevin Palla,kevin.palla67@example.com,2026-03-05 10:19:48,REGULAR
68,Kala Mane,kala.mane68@example.com,2024-01-25 02:14:40,REGULAR
69,Abhiram Mistry,abhiram.mistry69@example.com,2026-04-28 15:29:33,PREMIUM
70,Krish Lalla,krish.lalla70@example.com,2023-12-11 00:17:15,REGULAR
71,Nachiket Magar,nachiket.magar71@example.com,2024-06-05 04:49:07,REGULAR
72,Hemal Jani,hemal.jani72@example.com,2025-08-11 10:28:34,REGULAR
73,Yashasvi Suresh,yashasvi.suresh73@example.com,2024-05-03 13:34:01,REGULAR
74,George Sampath,george.sampath74@example.com,2026-01-09 13:12:29,REGULAR
75,Aarush Nath,aarush.nath75@example.com,2025-11-08 12:27:32,VIP
76,Neel Sathe,neel.sathe76@example.com,2025-03-19 18:01:24,REGULAR
77,Aditya Choudhury,aditya.choudhury77@example.com,2023-10-29 04:52:28,REGULAR
78,Balendra Pingle,balendra.pingle78@example.com,2025-04-21 14:14:17,REGULAR
79,Qushi Datta,qushi.datta79@example.com,2023-09-23 14:32:47,REGULAR
80,Balveer Parmar,balveer.parmar80@example.com,2024-03-20 20:10:06,REGULAR
81,Harshil Pandya,harshil.pandya81@example.com,2025-11-18 02:29:15,REGULAR
82,Mohammed Khalsa,mohammed.khalsa82@example.com,2026-02-16 02:38:47,PREMIUM
83,Nitara Bakshi,nitara.bakshi83@example.com,2024-02-17 02:50:58,REGULAR
84,Nisha Kothari,nisha.kothari84@example.com,2024-05-20 06:34:28,REGULAR
85,Lavanya Barad,lavanya.barad85@example.com,2026-02-09 16:55:30,VIP
86,Ryan Sharma,ryan.sharma86@example.com,2024-08-16 12:53:11,REGULAR
87,Udant Bajwa,udant.bajwa87@example.com,2025-07-13 04:18:00,PREMIUM
88,Falguni Mallick,falguni.mallick88@example.com,2026-02-15 20:11:03,REGULAR
89,Indali Upadhyay,indali.upadhyay89@example.com,2024-10-08 19:45:24,REGULAR
90,Ayaan D’Alia,ayaan.d’alia90@example.com,2026-03-01 08:30:58,PREMIUM
91,Pranav Lanka,pranav.lanka91@example.com,2023-09-19 19:13:44,VIP
92,Hemani Murthy,hemani.murthy92@example.com,2024-11-16 22:28:09,REGULAR
93,Lekha Gupta,lekha.gupta93@example.com,2024-05-07 09:38:27,PREMIUM
94,Aarav Venkatesh,aarav.venkatesh94@example.com,2026-04-22 01:27:54,REGULAR
95,Januja Sankar,januja.sankar95@example.com,2023-10-23 14:08:02,REGULAR
96,Dipta Dash,dipta.dash96@example.com,2025-09-14 19:12:03,REGULAR
97,Yashica More,yashica.more97@example.com,2025-07-20 11:41:02,REGULAR
98,Neha Merchant,neha.merchant98@example.com,2025-03-22 15:52:27,REGULAR
99,Osha Raghavan,osha.raghavan99@example.com,2025-07-31 14:13:23,VIP
100,Charvi Ravi,charvi.ravi100@example.com,2025-03-15 18:19:12,VIP
101,Daksha Mangat,daksha.mangat101@example.com,2024-03-20 22:52:56,PREMIUM
102,Udyati Sathe,udyati.sathe102@example.com,2024-11-23 01:53:15,REGULAR
103,Yasti Solanki,yasti.solanki103@example.com,2025-12-02 14:41:29,REGULAR
104,Frado Mander,frado.mander104@example.com,2025-02-09 03:45:51,REGULAR
105,Girik Keer,girik.keer105@example.com,2025-07-26 18:36:04,REGULAR
106,Rushil Din,rushil.din106@example.com,2023-09-05 01:35:18,REGULAR
107,Vaishnavi Bora,vaishnavi.bora107@example.com,2024-12-07 04:48:57,VIP
108,Leena Talwar,leena.talwar108@example.com,2024-10-08 19:06:15,REGULAR
109,Abdul Chhabra,abdul.chhabra109@example.com,2025-11-16 07:07:47,REGULAR
110,Patrick Vasa,patrick.vasa110@example.com,2024-12-16 22:20:22,VIP
111,Jairaj Shan,jairaj.shan111@example.com,2023-12-30 02:12:26,REGULAR
112,Edhitha Savant,edhitha.savant112@example.com,2025-05-23 16:54:15,REGULAR
113,Sanaya Dutt,sanaya.dutt113@example.com,2025-10-10 06:17:13,REGULAR
114,Shivani Lad,shivani.lad114@example.com,2025-10-18 21:55:37,REGULAR
115,Vedhika Khare,vedhika.khare115@example.com,2024-05-28 13:47:15,REGULAR
116,Bhavika Keer,bhavika.keer116@example.com,2024-05-25 12:05:39,REGULAR
117,Faris Devi,faris.devi117@example.com,2024-01-17 17:25:02,REGULAR
118,Michael Kala,michael.kala118@example.com,2023-10-17 11:15:05,PREMIUM
119,Ganga Shukla,ganga.shukla119@example.com,2024-10-25 23:16:57,REGULAR
120,Osha Ramachandran,osha.ramachandran120@example.com,2026-03-30 23:17:09,REGULAR
121,Lajita Sood,lajita.sood121@example.com,2023-08-16 07:50:45,REGULAR
122,Chanchal Ramakrishnan,chanchal.ramakrishnan122@example.com,2026-02-04 05:22:26,REGULAR
123,Thomas Sura,thomas.sura123@example.com,2024-03-30 19:05:47,REGULAR
124,Vedika Balakrishnan,vedika.balakrishnan124@example.com,2024-09-27 07:05:22,PREMIUM
125,Noah Sibal,noah.sibal125@example.com,2026-04-15 15:12:15,REGULAR
126,Meera Bala,meera.bala126@example.com,2023-11-07 11:24:04,REGULAR
127,Krishna Shenoy,krishna.shenoy127@example.com,2024-02-19 15:24:07,VIP
128,Ladli Narang,ladli.narang128@example.com,2024-03-22 12:39:37,REGULAR
129,Geetika Raghavan,geetika.raghavan129@example.com,2024-06-01 11:20:32,REGULAR
130,Zayyan Bumb,zayyan.bumb130@example.com,2024-12-23 01:31:43,PREMIUM
131,Inaya Kapur,inaya.kapur131@example.com,2025-07-02 15:27:49,REGULAR
132,Azaan Kota,azaan.kota132@example.com,2024-03-09 10:11:38,PREMIUM
133,Michael Khare,michael.khare133@example.com,2023-12-22 12:12:59,REGULAR
134,Tejas Shroff,tejas.shroff134@example.com,2025-08-24 04:27:37,PREMIUM
135,Oliver Contractor,oliver.contractor135@,2025-11-15 15:03:37,VIP
136,Deepa Chokshi,deepa.chokshi136@example.com,2025-04-17 12:26:52,PREMIUM
137,Keya Ranganathan,keya.ranganathan137@example.com,2026-05-08 23:52:00,PREMIUM
138,Faqid Kibe,faqid.kibe138@example.com,2023-11-26 14:25:50,REGULAR
139,Jai Barman,jai.barman139@example.com,2024-08-13 22:07:40,REGULAR
140,Kamala Biswas,kamala.biswas140@example.com,2025-01-30 01:06:01,PREMIUM
141,Advik Salvi,advik.salvi141@example.com,2026-01-02 01:47:55,REGULAR
142,Rachita Pathak,rachita.pathak142@example.com,2025-06-17 03:13:52,VIP
143,Michael Saran,michael.saran143@example.com,2024-02-13 16:25:43,REGULAR
144,Veda Shroff,veda.shroff144@example.com,2024-11-16 01:31:11,REGULAR
145,Ekantika Korpal,ekantika.korpal145@example.com,2026-01-11 00:33:56,REGULAR
146,Arya Seshadri,arya.seshadri146@example.com,2024-04-25 20:00:18,REGULAR
147,Ladli Nayar,ladli.nayar147@example.com,2023-09-09 14:52:41,PREMIUM
148,Qabil Sura,qabil.sura148@example.com,2024-03-23 00:24:37,REGULAR
149,Harini Mammen,harini.mammen149@example.com,2026-03-04 20:25:00,PREMIUM
150,Advaith Varughese,advaith.varughese150@example.com,2026-05-16 00:24:18,REGULAR
151,Wyatt Ray,wyatt.ray151@example.com,2025-01-11 12:40:02,REGULAR
152,Vamakshi Swaminathan,vamakshi.swaminathan152@example.com,2024-11-29 11:40:05,REGULAR
153,Girik Menon,girik.menon153@example.com,2024-04-02 02:41:57,VIP
154,Damini Pillay,damini.pillay154@example.com,2024-12-26 05:02:43,REGULAR
155,Pavani Narayanan,pavani.narayanan155@example.com,2024-08-18 19:54:35,PREMIUM
156,Anika Mohan,anika.mohan156@example.com,2024-05-03 20:47:16,REGULAR
157,Reyansh Mutti,reyansh.mutti157@example.com,2023-12-15 09:46:46,PREMIUM
158,Rehaan Kalita,rehaan.kalita158@example.com,2025-10-04 21:09:09,PREMIUM
159,Barkha Chaudhry,barkha.chaudhry159@example.com,2026-01-13 01:04:32,REGULAR
160,Utkarsh Patel,utkarsh.patel160@example.com,2024-02-17 04:55:03,PREMIUM
161,Jonathan Mahal,jonathan.mahal161@example.com,2023-09-27 12:48:31,REGULAR
162,Brinda Date,brinda.date162@example.com,2025-06-19 13:38:26,VIP
163,Harshil Arora,harshil.arora163@example.com,2025-04-12 14:18:51,REGULAR
164,Varenya Sastry,varenya.sastry164@example.com,2024-08-06 23:59:47,PREMIUM
165,Zayyan Sridhar,zayyan.sridhar165@example.com,2023-12-09 13:59:18,REGULAR
166,Nandini Swamy,nandini.swamy166@example.com,2023-10-27 23:10:24,REGULAR
167,Max Dixit,max.dixit167@example.com,2025-12-21 03:43:53,REGULAR
168,Frederick Kothari,frederick.kothari168@example.com,2023-12-14 05:34:28,VIP
169,Upkaar Virk,upkaar.virk169@example.com,2024-09-18 06:18:02,PREMIUM
170,Chameli Sanghvi,chameli.sanghvi170@example.com,2024-06-30 08:49:03,REGULAR
171,Hardik Johal,hardik.johal171@example.com,2025-06-06 09:46:03,REGULAR
172,Finn Dugar,finn.dugar172@example.com,2024-04-21 13:46:50,REGULAR
173,Naksh Agate,naksh.agate173@example.com,2024-10-18 05:45:00,REGULAR
174,Bishakha Bali,bishakha.bali174@example.com,2024-04-12 15:17:56,PREMIUM
175,Sudiksha Bobal,sudiksha.bobal175@example.com,2025-08-11 07:36:26,REGULAR
176,Rudra Sandal,rudra.sandal176@example.com,2023-12-10 07:36:30,PREMIUM
177,Manthan Lata,manthan.lata177@example.com,2026-01-06 15:44:38,REGULAR
178,Darpan Gandhi,darpan.gandhi178@example.com,2025-12-01 10:23:34,REGULAR
179,Reva Dash,reva.dash179@example.com,2024-12-21 08:23:40,REGULAR
180,Neha Magar,neha.magar180@example.com,2025-01-24 04:46:19,REGULAR
181,Raksha Buch,raksha.buch181@example.com,2025-05-08 03:13:21,REGULAR
182,Ekantika Krishna,ekantika.krishna182@example.com,2023-09-06 14:23:33,REGULAR
183,Ansh Luthra,ansh.luthra183@example.com,2025-04-14 22:07:17,REGULAR
184,Upma Venkataraman,upma.venkataraman184@example.com,2025-07-04 02:22:23,PREMIUM
185,Pratyush Sarin,pratyush.sarin185@example.com,2025-06-16 06:46:03,VIP
186,Gavin Singhal,gavin.singhal186@example.com,2024-08-14 17:29:22,REGULAR
187,Ekani Cheema,ekani.cheema187@example.com,2026-02-08 18:55:59,VIP
188,Nisha Tandon,nisha.tandon188@example.com,2024-06-12 02:01:18,REGULAR
189,Balhaar Sha,balhaar.sha189@example.com,2023-11-11 20:32:31,REGULAR
190,Ekiya D’Alia,ekiya.d’alia190@example.com,2026-06-08 14:00:24,REGULAR
191,Yoshita Agarwal,yoshita.agarwal191@example.com,2025-07-10 15:38:03,REGULAR
192,Odika Bhagat,odika.bhagat192@example.com,2024-02-25 21:03:36,REGULAR
193,Wishi Sathe,wishi.sathe193@example.com,2025-10-27 15:55:47,PREMIUM
194,Amara Deep,amara.deep194@example.com,2026-04-24 07:05:41,PREMIUM
195,Vedhika Dara,vedhika.dara195@example.com,2023-09-09 19:12:37,REGULAR
196,Nathan Mukhopadhyay,nathan.mukhopadhyay196@example.com,2025-03-18 20:30:38,PREMIUM
197,Girik Kar,girik.kar197@example.com,2026-07-02 02:20:11,REGULAR
198,Triya Dalal,triya.dalal198@example.com,2025-06-30 01:13:22,REGULAR
199,Wishi Manne,wishi.manne199@example.com,2025-02-02 03:31:56,REGULAR
200,Ojasvi Subramanian,ojasvi.subramanian200@example.com,2026-06-19 07:12:37,REGULAR
201,Tanmayi Dhillon,tanmayi.dhillon201@example.com,2024-09-21 16:19:12,VIP
202,Ekaraj Majumdar,ekaraj.majumdar202@example.com,2025-11-10 04:14:21,PREMIUM
203,Harini Tripathi,harini.tripathi203@example.com,2024-05-20 15:57:23,PREMIUM
204,Barkha Misra,barkha.misra204@example.com,2026-01-18 05:00:50,REGULAR
205,Manthan Sekhon,manthan.sekhon205@example.com,2025-03-05 19:05:49,REGULAR
206,Gaurangi Purohit,gaurangi.purohit206@example.com,2024-12-07 02:59:11,PREMIUM
207,Ranbir Khare,ranbir.khare207@example.com,2025-04-10 04:21:51,REGULAR
208,Nirja Bassi,nirja.bassi208@example.com,2024-07-13 23:58:39,REGULAR
209,Lakshmi Raju,lakshmi.raju209@example.com,2026-06-28 00:04:41,REGULAR
210,Warhi Bansal,warhi.bansal210@example.com,2023-12-22 12:51:48,REGULAR
211,Harish Sarraf,harish.sarraf211@example.com,2023-11-24 06:26:55,REGULAR
212,Alexander Dhawan,alexander.dhawan212@example.com,2024-10-19 19:06:18,REGULAR
213,Falan Singh,falan.singh213@example.com,2025-11-19 14:30:47,PREMIUM
214,Hamsini Rao,hamsini.rao214@example.com,2025-07-02 07:36:12,PREMIUM
215,Lajita Nadig,lajita.nadig215@example.com,2025-06-07 18:35:58,REGULAR
216,Balendra Biswas,balendra.biswas216@example.com,2024-04-16 03:31:02,PREMIUM
217,Utkarsh Chana,utkarsh.chana217@example.com,2024-11-14 08:32:06,REGULAR
218,Harish Sawhney,harish.sawhney218@example.com,2024-02-03 06:34:53,REGULAR
219,Ayush Batra,ayush.batra219@example.com,2024-07-20 14:27:06,REGULAR
220,Chaaya Parmer,chaaya.parmer220@example.com,2024-09-12 08:44:12,REGULAR
221,Yash Wali,yash.wali221@example.com,2024-10-22 00:06:33,PREMIUM
222,Onkar Gill,onkar.gill222@example.com,2023-11-02 04:05:57,PREMIUM
223,Wridesh Tank,wridesh.tank223@example.com,2026-04-08 11:34:54,REGULAR
224,Vincent Shenoy,vincent.shenoy224@example.com,2025-06-19 14:32:06,REGULAR
225,Aadhya Andra,aadhya.andra225@example.com,2026-03-24 15:40:26,PREMIUM
226,Bhavna Dugar,bhavna.dugar226@example.com,2023-10-27 17:32:30,PREMIUM
227,Chandani Samra,chandani.samra227@example.com,2025-08-14 10:29:00,REGULAR
228,Chasmum Issac,chasmum.issac228@example.com,2026-07-09 16:17:00,REGULAR
229,Hredhaan Khalsa,hredhaan.khalsa229@example.com,2024-09-19 07:31:01,REGULAR
230,Chakrika Merchant,chakrika.merchant230@example.com,2023-09-02 10:02:01,REGULAR
231,Anvi Anand,anvi.anand231@example.com,2025-04-03 22:19:12,PREMIUM
232,Watika Mangat,watika.mangat232@example.com,2025-11-13 10:37:28,REGULAR
233,Indira Kanda,indira.kanda233@example.com,2025-06-18 05:38:10,REGULAR
234,Laksh Chatterjee,laksh.chatterjee234@example.com,2026-03-29 10:36:10,REGULAR
235,Dayamai Sastry,dayamai.sastry235@example.com,2023-09-14 14:08:14,REGULAR
236,Karan Chana,karan.chana236@example.com,2026-04-05 01:44:09,PREMIUM
237,Ojasvi Gill,ojasvi.gill237@example.com,2024-03-10 22:51:37,PREMIUM
238,Yachana Mahajan,yachana.mahajan238@example.com,2026-01-10 17:57:33,REGULAR
239,Vasatika Merchant,vasatika.merchant239@example.com,2025-10-13 08:31:55,REGULAR
240,Ishwar Sidhu,ishwar.sidhu240@example.com,2026-05-31 19:35:06,VIP
241,Upkaar Ranganathan,upkaar.ranganathan241@example.com,2026-06-05 11:28:43,REGULAR
242,Gautam Rana,gautam.rana242@example.com,2023-08-24 20:57:38,PREMIUM
243,Suhani Pillay,suhani.pillay243@example.com,2025-07-26 19:26:15,PREMIUM
244,Lakshmi Prabhu,lakshmi.prabhu244@example.com,2023-12-03 11:12:22,PREMIUM
245,Urishilla Bakshi,urishilla.bakshi245@example.com,2025-05-31 01:10:42,REGULAR
246,Timothy Bhatnagar,timothy.bhatnagar246@example.com,2025-06-16 22:35:55,REGULAR
247,Chasmum Rege,chasmum.rege247@example.com,2023-12-12 08:10:36,PREMIUM
248,Baljiwan Modi,baljiwan.modi248@example.com,2026-07-06 00:10:26,PREMIUM
249,Gunbir Keer,gunbir.keer249@example.com,2026-03-12 05:50:09,VIP
250,Lipika Setty,lipika.setty250@example.com,2024-09-08 06:49:31,VIP
251,Mohammed Sachdeva,mohammed.sachdeva251@example.com,2025-07-07 17:37:07,PREMIUM
252,Nikita Mammen,nikita.mammen252@example.com,2023-09-13 21:33:48,REGULAR
253,Teerth Sawhney,teerth.sawhney253@example.com,2024-11-25 18:43:39,REGULAR
254,Janani Chaudhary,janani.chaudhary254@example.com,2026-06-20 00:40:29,REGULAR
255,Jagrati Bhat,jagrati.bhat255@example.com,2024-10-07 04:24:56,REGULAR
256,Jason Sha,jason.sha256@example.com,2023-11-15 16:55:56,REGULAR
257,Ansh Bedi,ansh.bedi257@example.com,2025-11-25 05:14:03,REGULAR
258,Jeremiah Jha,jeremiah.jha258@example.com,2023-10-22 03:16:09,REGULAR
259,Tarak Kaul,tarak.kaul259@example.com,2024-07-25 01:26:51,REGULAR
260,Aarnav Malhotra,aarnav.malhotra260@example.com,2026-02-09 12:08:27,REGULAR
261,Kalpit Zachariah,kalpit.zachariah261@example.com,2024-05-03 01:37:32,VIP
262,Imaran Bal,imaran.bal262@example.com,2023-12-28 10:56:21,REGULAR
263,Wazir Naik,wazir.naik263@example.com,2023-08-26 20:34:40,PREMIUM
264,Charles Date,charles.date264@example.com,2025-10-08 04:45:13,REGULAR
265,Devansh Soni,devansh.soni265@example.com,2024-11-29 14:14:30,REGULAR
266,Yochana Chopra,yochana.chopra266@example.com,2024-12-03 13:36:45,REGULAR
267,Caleb Verma,caleb.verma267@example.com,2024-06-26 08:56:33,REGULAR
268,Darsh Srinivas,darsh.srinivas268@example.com,2026-01-28 16:09:03,VIP
269,Hritik Swaminathan,hritik.swaminathan269@example.com,2025-09-06 23:12:23,PREMIUM
270,Ethan Buch,ethan.buch270@example.com,2024-07-18 04:35:49,REGULAR
271,Dominic Date,dominic.date271@example.com,2024-05-29 00:29:19,VIP
272,Lakshmi Wali,lakshmi.wali272@example.com,2024-06-19 04:48:33,VIP
273,Hardik Contractor,hardik.contractor273@example.com,2026-02-03 12:37:19,VIP
274,Qushi Seth,qushi.seth274@example.com,2026-03-13 03:06:01,REGULAR
275,Harinakshi Setty,harinakshi.setty275@example.com,2024-10-07 19:30:50,REGULAR
276,Dhriti Sane,dhriti.sane276@example.com,2024-07-07 23:27:08,REGULAR
277,Kavya Dua,kavya.dua277@example.com,2025-08-10 17:11:25,PREMIUM
278,Ekalinga Chand,ekalinga.chand278@example.com,2026-01-12 03:10:40,REGULAR
279,Rachana Char,rachana.char279@example.com,2025-10-11 06:09:17,REGULAR
280,Kalpit Bhasin,kalpit.bhasin280@example.com,2025-04-25 19:22:11,REGULAR
281,Jason Roy,jason.roy281@example.com,2024-08-20 17:36:45,REGULAR
282,Charan Mani,charan.mani282@example.com,2025-05-10 15:54:16,REGULAR
283,Hemang Tripathi,hemang.tripathi283@example.com,2024-03-23 16:14:07,REGULAR
284,Udarsh Chokshi,udarsh.chokshi284@example.com,2024-08-17 00:32:03,REGULAR
285,Ishwar Mallick,ishwar.mallick285@example.com,2025-04-12 15:13:45,REGULAR
286,Atharv Loke,atharv.loke286@example.com,2023-09-09 21:21:05,PREMIUM
287,Dayamai Nori,dayamai.nori287@example.com,2024-08-17 23:47:08,VIP
288,Luke Rattan,luke.rattan288@example.com,2023-10-23 04:12:14,REGULAR
289,Gavin Wali,gavin.wali289@example.com,2024-03-26 05:26:42,REGULAR
290,Sudiksha Om,sudiksha.om290@example.com,2024-01-24 17:36:50,REGULAR
291,Ekta Chad,ekta.chad291@example.com,2026-03-08 01:41:09,REGULAR
292,Nakul Bawa,nakul.bawa292@example.com,2025-07-28 00:35:33,PREMIUM
293,Saanvi Samra,saanvi.samra293@example.com,2025-01-08 10:06:34,PREMIUM
294,Oeshi Mahajan,oeshi.mahajan294@example.com,2024-03-26 16:35:40,REGULAR
295,Hemani Sani,hemani.sani295@example.com,2023-12-06 04:14:26,REGULAR
296,Darika Bath,darika.bath296@example.com,2024-03-31 23:08:19,REGULAR
297,Abhimanyu Jayaraman,abhimanyu.jayaraman297@example.com,2024-06-26 03:32:55,REGULAR
298,Laksh Kumer,laksh.kumer298@example.com,2024-06-13 09:27:08,REGULAR
299,Abhimanyu Tank,abhimanyu.tank299@example.com,2025-10-13 20:09:33,REGULAR
300,Kai Rai,kai.rai300@example.com,2025-02-27 09:44:20,REGULAR
301,Xiti Pandya,xiti.pandya301@example.com,2023-10-25 19:52:06,REGULAR
302,Rajata Bahl,rajata.bahl302@example.com,2024-12-11 19:43:42,PREMIUM
303,Dhriti Sanghvi,dhriti.sanghvi303@example.com,2025-04-11 21:19:26,REGULAR
304,Bimala Contractor,bimala.contractor304@example.com,2024-10-14 12:38:30,REGULAR
305,Onveer Sharma,onveer.sharma305@example.com,2026-01-12 09:40:21,PREMIUM
306,Gaurang Sarkar,gaurang.sarkar306@example.com,2026-01-25 16:12:00,REGULAR
307,Rajata Rattan,rajata.rattan307@example.com,2025-02-18 05:21:17,VIP
308,Dayita Nori,dayita.nori308@example.com,2024-04-02 02:04:36,REGULAR
309,Faraj Uppal,faraj.uppal309@example.com,2025-06-14 14:52:53,REGULAR
310,Ikshita Panchal,ikshita.panchal310@example.com,2025-09-22 22:08:48,PREMIUM
311,Warinder Chauhan,warinder.chauhan311@example.com,2024-01-13 01:16:06,PREMIUM
312,Oscar Dua,oscar.dua312@example.com,2025-10-27 21:40:34,PREMIUM
313,Peter Tak,peter.tak313@example.com,2024-12-16 07:04:50,PREMIUM
314,Ekantika Mutti,ekantika.mutti314@example.com,2024-01-17 20:39:28,REGULAR
315,Upasna Sathe,upasna.sathe315@example.com,2025-06-12 15:50:57,REGULAR
316,Daksh Pandey,daksh.pandey316@example.com,2025-01-31 12:17:00,PREMIUM
317,Triya Seth,triya.seth317@example.com,2023-09-19 02:36:42,REGULAR
318,Bhavini Bose,bhavini.bose318@example.com,2025-06-26 19:24:58,PREMIUM
319,Yashica Rajagopalan,yashica.rajagopalan319@example.com,2024-12-14 23:20:28,REGULAR
320,Shivani Guha,shivani.guha320@example.com,2024-07-17 13:38:19,REGULAR
321,Yachana Dora,yachana.dora321@example.com,2026-05-26 07:22:43,REGULAR
322,Harshil Oza,harshil.oza322@example.com,2026-06-21 13:56:54,REGULAR
323,Yamini Gera,yamini.gera323@,2023-09-20 17:51:15,REGULAR
324,Reva Viswanathan,reva.viswanathan324@example.com,2025-02-16 22:18:11,REGULAR
325,Januja Pradhan,januja.pradhan325@example.com,2026-04-13 22:10:23,VIP
326,Nilima Nigam,nilima.nigam326@example.com,2025-08-02 06:36:48,PREMIUM
327,Gaurika Bhatti,gaurika.bhatti327@example.com,2024-07-26 06:22:09,REGULAR
328,Bhanumati Krishnan,bhanumati.krishnan328@example.com,2025-09-19 00:56:34,REGULAR
329,Gauri Bumb,gauri.bumb329@example.com,2025-04-21 20:07:02,REGULAR
330,Inaya Mukherjee,inaya.mukherjee330@example.com,2026-06-05 22:23:23,VIP
331,Kai Chad,kai.chad331@example.com,2024-07-04 20:14:30,PREMIUM
332,Falguni Datta,falguni.datta332@example.com,2025-07-23 22:05:59,PREMIUM
333,Pallavi Trivedi,pallavi.trivedi333@example.com,2024-08-29 12:01:51,REGULAR
334,Dayamai Gole,dayamai.gole334@example.com,2026-05-19 07:50:08,REGULAR
335,Vedika Handa,vedika.handa335@example.com,2024-04-07 09:10:15,VIP
336,Mohammed Brahmbhatt,mohammed.brahmbhatt336@example.com,2024-06-20 03:40:31,REGULAR
337,Yashica Zacharia,yashica.zacharia337@example.com,2026-01-15 16:46:31,PREMIUM
338,Gayathri Deep,gayathri.deep338@example.com,2025-05-07 07:01:08,REGULAR
339,Nicholas Golla,nicholas.golla339@example.com,2026-01-11 16:15:54,PREMIUM
340,Raksha Bassi,raksha.bassi340@example.com,2024-10-20 17:36:14,REGULAR
341,Sachi Mane,sachi.mane341@example.com,2025-10-19 13:38:06,REGULAR
342,Vivaan Walla,vivaan.walla342@example.com,2024-04-20 19:58:06,REGULAR
343,Rishi Pillai,rishi.pillai343@example.com,2025-08-01 15:30:21,REGULAR
344,Triya Manda,triya.manda344@example.com,2025-11-15 23:33:09,PREMIUM
345,Neel Iyengar,neel.iyengar345@example.com,2025-12-10 15:03:16,PREMIUM
346,Zashil Ben,zashil.ben346@example.com,2025-06-23 02:15:08,PREMIUM
347,Harshil Varty,harshil.varty347@example.com,2026-02-01 19:01:56,PREMIUM
348,Fiyaz Dyal,fiyaz.dyal348@example.com,2024-05-26 15:36:33,REGULAR
349,Rajeshri Chand,rajeshri.chand349@example.com,2026-05-14 06:14:12,REGULAR
350,Shravya Palla,shravya.palla350@example.com,2026-04-27 06:39:41,PREMIUM
351,Chatresh Randhawa,chatresh.randhawa351@example.com,2025-01-25 20:00:57,REGULAR
352,Libni Bumb,libni.bumb352@example.com,2024-09-12 10:34:01,PREMIUM
353,Eiravati Chaudhary,eiravati.chaudhary353@example.com,2026-01-20 00:29:15,REGULAR
354,Madhav Devan,madhav.devan354@example.com,2023-09-19 20:24:18,PREMIUM
355,Liam Singh,liam.singh355@example.com,2024-11-29 22:34:59,VIP
356,Fariq Bahl,fariq.bahl356@example.com,2024-05-08 16:21:28,REGULAR
357,Pallavi Choudhry,pallavi.choudhry357@example.com,2025-11-13 21:39:38,REGULAR
358,Charvi Dara,charvi.dara358@example.com,2023-09-29 21:55:09,REGULAR
359,Tanvi Bhatnagar,tanvi.bhatnagar359@example.com,2023-12-06 03:25:32,REGULAR
360,Amol Varma,amol.varma360@example.com,2025-04-13 15:27:11,PREMIUM
361,Bishakha Sanghvi,bishakha.sanghvi361@example.com,2023-08-11 17:05:43,VIP
362,Wridesh Saha,wridesh.saha362@example.com,2024-02-25 14:11:31,PREMIUM
363,Jalsa Bir,jalsa.bir363@example.com,2026-05-21 16:57:44,REGULAR
364,Madhavi Singhal,madhavi.singhal364@example.com,2023-09-25 10:09:11,REGULAR
365,Kashvi Kulkarni,kashvi.kulkarni365@example.com,2025-10-14 03:53:32,VIP
366,Ekansh Pai,ekansh.pai366@example.com,2024-04-22 22:00:52,REGULAR
367,Gaurangi Deol,gaurangi.deol367@example.com,2023-09-26 06:38:20,REGULAR
368,Parth Shetty,parth.shetty368@example.com,2026-06-19 21:54:00,REGULAR
369,Qabil Deshmukh,qabil.deshmukh369@example.com,2023-10-16 06:24:13,PREMIUM
370,Balhaar Memon,balhaar.memon370@example.com,2024-03-11 19:13:01,REGULAR
371,Benjamin Mutti,benjamin.mutti371@example.com,2026-04-30 08:46:56,REGULAR
372,Urvashi Kulkarni,urvashi.kulkarni372@example.com,2023-09-18 01:23:25,PREMIUM
373,Bhavika Parikh,bhavika.parikh373@example.com,2026-02-13 11:34:04,REGULAR
374,Garima Mahajan,garima.mahajan374@example.com,2023-12-20 15:34:37,REGULAR
375,Rajeshri Ratta,rajeshri.ratta375@example.com,2025-10-09 21:23:47,REGULAR
376,Harinakshi Grover,harinakshi.grover376@example.com,2025-01-19 15:37:36,VIP
377,Jhalak Venkataraman,jhalak.venkataraman377@example.com,2024-05-20 04:24:03,REGULAR
378,Panini Brar,panini.brar378@example.com,2024-11-10 18:31:08,REGULAR
379,Chaaya Nagi,chaaya.nagi379@example.com,2023-11-27 08:14:27,PREMIUM
380,Chakrika Mohan,chakrika.mohan380@example.com,2024-11-27 01:55:01,PREMIUM
381,Ojas Sawhney,ojas.sawhney381@example.com,2024-08-18 13:10:18,REGULAR
382,Ira Saran,ira.saran382@example.com,2024-05-28 12:42:41,REGULAR
383,Falan Ravi,falan.ravi383@example.com,2024-08-31 01:56:53,REGULAR
384,Azaan Dhar,azaan.dhar384@example.com,2026-01-30 03:11:51,REGULAR
385,Bakhshi Date,bakhshi.date385@example.com,2023-10-20 16:04:06,REGULAR
386,Janaki Rajagopal,janaki.rajagopal386@example.com,2026-05-17 12:18:54,REGULAR
387,Mitesh Sengupta,mitesh.sengupta387@example.com,2026-05-16 19:51:38,VIP
388,Sachi Bose,sachi.bose388@example.com,2025-04-12 10:40:21,REGULAR
389,Mitali Murthy,mitali.murthy389@example.com,2025-07-02 00:32:56,PREMIUM
390,Ishaan Bal,ishaan.bal390@example.com,2025-10-01 18:14:45,PREMIUM
391,Zarna Ram,zarna.ram391@example.com,2026-04-09 05:49:25,REGULAR
392,Adweta Lad,adweta.lad392@example.com,2025-08-29 01:22:30,VIP
393,Bhavika Swaminathan,bhavika.swaminathan393@example.com,2024-03-10 07:05:57,REGULAR
394,Ethan Seth,ethan.seth394@example.com,2024-02-09 23:26:22,VIP
395,Gagan Nagarajan,gagan.nagarajan395@example.com,2025-07-21 11:53:35,PREMIUM
396,Bina Mital,bina.mital396@example.com,2026-02-02 00:02:36,REGULAR
397,Janaki Trivedi,janaki.trivedi397@example.com,2024-04-04 22:19:47,REGULAR
398,Liam Khalsa,liam.khalsa398@example.com,2025-11-29 00:43:33,REGULAR
399,Jalsa Pillay,jalsa.pillay399@example.com,2024-12-19 23:21:29,REGULAR
400,Gabriel Bhatti,gabriel.bhatti400@example.com,2024-07-04 12:47:50,REGULAR
401,Nirja Rout,nirja.rout401@example.com,2026-01-03 03:34:58,REGULAR
402,Jeremiah Nadig,jeremiah.nadig402@example.com,2025-06-24 07:53:56,REGULAR
403,Unnati Varughese,unnati.varughese403@example.com,2024-08-11 01:22:40,REGULAR
404,Kai Sant,kai.sant404@example.com,2025-01-26 17:55:07,REGULAR
405,Jeet Vasa,jeet.vasa405@example.com,2024-01-20 01:16:36,REGULAR
406,Neel Naidu,neel.naidu406@example.com,2026-05-01 19:43:44,REGULAR
407,Hiral Venkataraman,hiral.venkataraman407@example.com,2026-03-20 09:50:58,PREMIUM
408,Zashil Hegde,zashil.hegde408@example.com,2025-06-16 13:43:53,PREMIUM
409,Jeremiah Mitter,jeremiah.mitter409@example.com,2025-05-25 14:18:37,PREMIUM
410,Yadavi Ganguly,yadavi.ganguly410@example.com,2025-05-01 11:59:04,PREMIUM
411,Onveer Nazareth,onveer.nazareth411@example.com,2026-01-23 14:13:58,VIP
412,Ayush Bumb,ayush.bumb412@example.com,2023-09-27 11:25:50,REGULAR
413,Shivansh Saha,shivansh.saha413@example.com,2025-05-29 12:24:05,REGULAR
414,Widisha Mann,widisha.mann414@example.com,2025-06-23 20:52:18,PREMIUM
415,Vasudha Konda,vasudha.konda415@example.com,2025-12-14 06:43:21,REGULAR
416,Chameli Setty,chameli.setty416@example.com,2023-10-26 18:48:56,PREMIUM
417,Nakul Sarraf,nakul.sarraf417@example.com,2024-10-25 19:23:02,PREMIUM
418,Samar Oak,samar.oak418@example.com,2025-05-17 07:42:14,REGULAR
419,Eiravati Pai,eiravati.pai419@example.com,2026-06-14 02:41:06,REGULAR
420,Kamala Varma,kamala.varma420@example.com,2025-03-30 08:56:55,REGULAR
421,Wyatt Shukla,wyatt.shukla421@example.com,2023-12-18 13:38:30,PREMIUM
422,Yug Dhaliwal,yug.dhaliwal422@example.com,2023-11-21 04:18:09,REGULAR
423,Leena Sahota,leena.sahota423@example.com,2024-04-30 12:40:32,PREMIUM
424,Falak Munshi,falak.munshi424@example.com,2024-02-28 06:37:34,PREMIUM
425,Wishi Varma,wishi.varma425@example.com,2024-12-19 08:15:18,REGULAR
426,Widisha Bajaj,widisha.bajaj426@example.com,2023-11-13 23:24:10,VIP
427,Yashasvi Shankar,yashasvi.shankar427@example.com,2026-06-04 20:34:12,PREMIUM
428,Ira Bava,ira.bava428@example.com,2023-10-02 21:16:34,REGULAR
429,Upma Mangal,upma.mangal429@example.com,2025-03-03 18:46:46,PREMIUM
430,Raagini Desai,raagini.desai430@example.com,2026-03-07 03:01:18,PREMIUM
431,Neha Pau,neha.pau431@example.com,2023-09-27 05:49:15,REGULAR
432,Robert Patil,robert.patil432@example.com,2025-03-21 09:27:39,REGULAR
433,Libni Thaman,libni.thaman433@example.com,2024-12-01 19:24:00,REGULAR
434,Jagat Dave,jagat.dave434@example.com,2026-06-13 19:14:13,REGULAR
435,Kashvi Nori,kashvi.nori435@example.com,2025-03-26 07:17:52,REGULAR
436,Maanas Issac,maanas.issac436@example.com,2025-05-12 20:23:25,PREMIUM
437,Xiti Baria,xiti.baria437@example.com,2023-09-27 07:22:46,REGULAR
438,Gauri Som,gauri.som438@example.com,2025-02-13 06:58:58,REGULAR
439,Yutika Dey,yutika.dey439@example.com,2024-07-24 10:16:05,REGULAR
440,Nicholas Ramaswamy,nicholas.ramaswamy440@example.com,2026-06-30 08:22:13,REGULAR
441,Gayathri Tripathi,gayathri.tripathi441@example.com,2026-01-08 10:08:24,VIP
442,Chandani Soman,chandani.soman442@example.com,2025-12-26 01:30:47,REGULAR
443,Garima Choudhary,garima.choudhary443@example.com,2026-06-18 22:20:55,REGULAR
444,Avi Som,avi.som444@example.com,2024-05-18 21:58:10,REGULAR
445,Charan Srinivasan,charan.srinivasan445@example.com,2024-02-07 16:36:56,REGULAR
446,Manbir Kibe,manbir.kibe446@example.com,2023-09-12 16:16:09,REGULAR
447,Rayaan Bahl,rayaan.bahl447@example.com,2024-11-21 21:13:15,REGULAR
448,Max Sachar,max.sachar448@example.com,2025-08-14 15:15:28,REGULAR
449,Yachana Sinha,yachana.sinha449@example.com,2026-02-24 20:36:16,VIP
450,Lakshit Venkataraman,lakshit.venkataraman450@example.com,2024-03-17 22:14:47,VIP
451,Vanya Vora,vanya.vora451@example.com,2024-09-14 11:27:14,REGULAR
452,Tripti Walia,tripti.walia452@example.com,2024-08-08 17:26:34,PREMIUM
453,Aishani Sule,aishani.sule453@example.com,2024-03-01 20:45:22,REGULAR
454,Arya Misra,arya.misra454@example.com,2024-04-05 14:19:12,REGULAR
455,Bhavya Johal,bhavya.johal455@example.com,2025-08-14 08:36:05,REGULAR
456,Edhitha Srinivasan,edhitha.srinivasan456@example.com,2024-08-15 15:01:12,REGULAR
457,Bhavna Dara,bhavna.dara457@example.com,2025-04-11 23:17:45,REGULAR
458,Megha Pai,megha.pai458@example.com,2026-05-22 23:46:31,PREMIUM
459,Bina Basak,bina.basak459@example.com,2024-06-11 11:00:07,PREMIUM
460,Hiral Sathe,hiral.sathe460@example.com,2025-07-08 20:28:05,REGULAR
461,Tanish Jaggi,tanish.jaggi461@example.com,2026-01-08 01:30:23,REGULAR
462,Anita Devan,anita.devan462@example.com,2023-12-04 09:43:03,REGULAR
463,Xavier Bedi,xavier.bedi463@example.com,2025-07-23 14:52:43,PREMIUM
464,Viraj Ben,viraj.ben464@example.com,2023-11-24 18:52:51,REGULAR
465,Urmi Chaudhry,urmi.chaudhry465@example.com,2025-08-04 17:16:17,REGULAR
466,Abdul Dugar,abdul.dugar466@example.com,2024-10-16 12:35:02,REGULAR
467,Vansha Iyengar,vansha.iyengar467@example.com,2025-10-23 07:37:44,REGULAR
468,Ekani Mangal,ekani.mangal468@example.com,2025-06-28 02:54:03,PREMIUM
469,Vincent Warrior,vincent.warrior469@example.com,2025-10-04 23:14:44,PREMIUM
470,Parth Sahni,parth.sahni470@example.com,2026-03-06 21:38:00,PREMIUM
471,Balhaar Ranganathan,balhaar.ranganathan471@example.com,2025-11-26 11:02:48,REGULAR
472,Bimala Barad,bimala.barad472@example.com,2023-08-19 22:02:06,VIP
473,Gautami Mane,gautami.mane473@example.com,2024-12-06 01:32:00,VIP
474,Krish Thaman,krish.thaman474@example.com,2024-12-20 15:04:49,PREMIUM
475,Isaiah Narayanan,isaiah.narayanan475@example.com,2024-01-30 03:37:22,VIP
476,Aarini Grewal,aarini.grewal476@example.com,2023-08-25 01:11:35,REGULAR
477,Chakrika Hans,chakrika.hans477@example.com,2024-02-13 00:00:47,REGULAR
478,Prisha Varma,prisha.varma478@example.com,2024-07-24 09:15:58,REGULAR
479,Girish Goyal,girish.goyal479@example.com,2026-06-20 20:02:28,PREMIUM
480,Ekiya Kothari,ekiya.kothari480@example.com,2023-08-17 07:43:36,PREMIUM
481,Warinder Sekhon,warinder.sekhon481@example.com,2025-10-21 00:32:48,REGULAR
482,Chasmum Apte,chasmum.apte482@example.com,2024-05-14 16:16:53,REGULAR
483,Warinder Bhatia,warinder.bhatia483@example.com,2025-07-21 10:31:15,REGULAR
484,Damyanti Dutta,damyanti.dutta484@example.com,2024-10-14 22:28:02,REGULAR
485,Jacob Merchant,jacob.merchant485@example.com,2024-09-04 14:10:05,PREMIUM
486,Theodore Deol,theodore.deol486@example.com,2024-12-31 10:52:19,REGULAR
487,Kashvi Sagar,kashvi.sagar487@example.com,2025-08-26 19:45:31,REGULAR
488,Tejas Kota,tejas.kota488@example.com,2025-08-03 19:32:15,REGULAR
489,Sanya Wable,sanya.wable489@example.com,2025-08-28 18:25:44,REGULAR
490,Isaac Bhatia,isaac.bhatia490@example.com,2026-01-08 22:31:54,REGULAR
491,Mason Gala,mason.gala491@example.com,2024-07-24 14:08:56,PREMIUM
492,Jackson Jha,jackson.jha492@example.com,2025-09-11 18:41:05,VIP
493,Gavin Uppal,gavin.uppal493@example.com,2024-11-26 14:50:41,PREMIUM
494,Sudiksha Deo,sudiksha.deo494@example.com,2025-02-06 19:24:35,REGULAR
495,Dalbir Shere,dalbir.shere495@example.com,2025-07-26 17:53:10,REGULAR
496,Anthony Randhawa,anthony.randhawa496@example.com,2024-05-07 02:51:30,VIP
497,Tejas Bora,tejas.bora497@example.com,2023-09-27 07:01:59,REGULAR
498,Devansh Bhasin,devansh.bhasin498@example.com,2026-05-01 15:45:54,VIP
499,Urmi Balay,urmi.balay499@example.com,2024-06-10 21:12:18,REGULAR
500,Krishna Salvi,krishna.salvi500@example.com,2024-09-11 23:01:01,REGULAR
501,Saumya Purohit,saumya.purohit501@example.com,2024-09-13 05:18:15,REGULAR
502,Ijaya Dani,ijaya.dani502@example.com,2024-02-16 04:10:14,REGULAR
503,Joshua Kapoor,joshua.kapoor503@example.com,2026-01-15 09:09:02,PREMIUM
504,Chanchal Sheth,chanchal.sheth504@example.com,2025-07-27 12:36:19,PREMIUM
505,Ladli Karpe,ladli.karpe505@example.com,2024-04-29 17:17:22,REGULAR
506,Mohammed Majumdar,mohammed.majumdar506@example.com,2024-02-26 20:01:01,PREMIUM
507,Azad Saini,azad.saini507@example.com,2025-05-26 02:57:51,REGULAR
508,Wridesh Jhaveri,wridesh.jhaveri508@example.com,2023-10-20 17:32:22,REGULAR
509,Sanya Bava,sanya.bava509@example.com,2024-04-26 18:16:00,REGULAR
510,Neelima Sarna,neelima.sarna510@example.com,2024-04-15 16:29:56,PREMIUM
511,Daksh Dey,daksh.dey511@example.com,2025-01-27 20:18:20,REGULAR
512,Vivaan Nagar,vivaan.nagar512@example.com,2025-04-16 05:30:49,REGULAR
513,Warjas Mittal,warjas.mittal513@example.com,2026-02-28 12:34:17,REGULAR
514,Odika Mital,odika.mital514@example.com,2024-05-29 04:00:54,REGULAR
515,Prisha Tandon,prisha.tandon515@example.com,2023-09-28 23:47:41,PREMIUM
516,Lakshmi Vohra,lakshmi.vohra516@example.com,2024-07-14 14:14:50,REGULAR
517,Nilima Dixit,nilima.dixit517@example.com,2024-06-24 12:24:31,REGULAR
518,Urvashi Khosla,urvashi.khosla518@example.com,2026-01-30 20:22:09,REGULAR
519,Maanas Sheth,maanas.sheth519@example.com,2026-04-10 12:28:12,PREMIUM
520,Omaja Wagle,omaja.wagle520@example.com,2023-12-30 21:28:33,PREMIUM
521,Aadhya Jani,aadhya.jani521@example.com,2024-07-26 20:59:59,PREMIUM
522,Shivani Prabhakar,shivani.prabhakar522@example.com,2023-11-16 13:08:42,REGULAR
523,Charan Loyal,charan.loyal523@example.com,2024-09-14 20:13:43,VIP
524,Elijah Guha,elijah.guha524@example.com,2025-12-14 05:45:46,PREMIUM
525,Varenya Joshi,varenya.joshi525@example.com,2026-02-21 07:06:41,REGULAR
526,Chavvi Aurora,chavvi.aurora526@example.com,2024-03-22 16:25:53,VIP
527,Jacob Srinivas,jacob.srinivas527@example.com,2026-04-10 04:48:11,REGULAR
528,Mekhala Khatri,mekhala.khatri528@example.com,2025-03-20 04:13:17,PREMIUM
529,Lajita Shukla,lajita.shukla529@example.com,2025-02-28 13:02:21,VIP
530,Darika Lal,darika.lal530@example.com,2024-08-27 04:12:20,REGULAR
531,Unnati Chaudhari,unnati.chaudhari531@example.com,2025-12-12 06:52:22,REGULAR
532,Ekaja Jani,ekaja.jani532@example.com,2024-09-07 22:59:11,REGULAR
533,Chakradev Kant,chakradev.kant533@example.com,2025-10-07 16:50:51,REGULAR
534,Advika Sahni,advika.sahni534@example.com,2024-06-19 12:20:23,REGULAR
535,Forum Karpe,forum.karpe535@example.com,2024-09-17 16:32:21,REGULAR
536,Xalak Nazareth,xalak.nazareth536@example.com,2024-05-10 04:13:27,PREMIUM
537,Vritti Sharma,vritti.sharma537@example.com,2024-02-05 06:21:46,PREMIUM
538,Omkaar Dey,omkaar.dey538@example.com,2025-09-15 09:29:59,PREMIUM
539,Qarin Bhargava,qarin.bhargava539@example.com,2025-02-18 04:53:28,REGULAR
540,Chanakya Ahuja,chanakya.ahuja540@example.com,2024-10-22 08:48:50,REGULAR
541,Ekansh Dora,ekansh.dora541@example.com,2023-08-19 18:49:16,REGULAR
542,Kashvi Bhasin,kashvi.bhasin542@example.com,2025-05-29 05:25:00,REGULAR
543,Vinaya Babu,vinaya.babu543@example.com,2023-08-17 02:09:33,REGULAR
544,Advik Badal,advik.badal544@example.com,2025-02-24 00:49:35,VIP
545,Bhavini Badal,bhavini.badal545@example.com,2025-01-26 01:21:26,PREMIUM
546,Praneel Chhabra,praneel.chhabra546@example.com,2026-04-14 01:02:17,REGULAR
547,Wridesh Handa,wridesh.handa547@example.com,2025-05-31 07:09:37,PREMIUM
548,Irya Loke,irya.loke548@example.com,2025-12-03 21:23:45,REGULAR
549,Kashvi Ravi,kashvi.ravi549@example.com,2024-12-11 00:23:12,REGULAR
550,Upkaar Mital,upkaar.mital550@example.com,2025-08-07 18:07:43,REGULAR
551,Azad Chander,azad.chander551@example.com,2024-10-14 18:55:51,PREMIUM
552,Vamakshi Bhalla,vamakshi.bhalla552@example.com,2025-06-18 08:57:54,PREMIUM
553,Fitan Tata,fitan.tata553@example.com,2026-01-26 13:48:56,REGULAR
554,Girish Wable,girish.wable554@example.com,2026-04-15 05:14:53,REGULAR
555,Siddharth Soman,siddharth.soman555@example.com,2024-05-24 20:14:28,PREMIUM
556,Avni Bali,avni.bali556@example.com,2024-02-17 02:41:31,REGULAR
557,Amol Johal,amol.johal557@example.com,2025-04-26 09:58:09,REGULAR
558,Faraj Mistry,faraj.mistry558@example.com,2024-01-30 02:29:51,REGULAR
559,Lopa Zachariah,lopa.zachariah559@example.com,2024-07-28 10:30:10,PREMIUM
560,Farhan Tella,farhan.tella560@example.com,2025-10-12 04:20:12,PREMIUM
561,Chatresh Chaudhari,chatresh.chaudhari561@example.com,2024-11-17 16:13:21,REGULAR
562,Harini Ranganathan,harini.ranganathan562@example.com,2026-06-07 05:41:04,VIP
563,Ayushman Mahajan,ayushman.mahajan563@example.com,2025-11-21 18:13:54,REGULAR
564,Vritti Kari,vritti.kari564@example.com,2024-08-23 02:11:44,PREMIUM
565,Rachana Grewal,rachana.grewal565@example.com,2025-08-03 02:59:38,REGULAR
566,Frederick Merchant,frederick.merchant566example.com,2025-12-07 05:08:09,REGULAR
567,Fitan Loyal,fitan.loyal567@example.com,2024-01-21 08:05:52,REGULAR
568,Lopa Nadig,lopa.nadig568@example.com,2024-08-28 07:11:40,REGULAR
569,Abdul Morar,abdul.morar569@example.com,2024-11-25 19:45:01,REGULAR
570,Harsh Deo,harsh.deo570@example.com,2023-11-11 01:02:43,REGULAR
571,Saumya Vala,saumya.vala571@example.com,2024-10-17 17:38:48,PREMIUM
572,Gaurav Pandya,gaurav.pandya572@example.com,2025-03-22 10:56:53,REGULAR
573,Lekha Arora,lekha.arora573@example.com,2024-06-15 22:49:09,REGULAR
574,Frado Kibe,frado.kibe574@example.com,2025-04-10 08:31:35,REGULAR
575,Lajita Gara,lajita.gara575@example.com,2024-01-04 22:51:04,REGULAR
576,Amrita Tailor,amrita.tailor576@example.com,2024-01-12 12:14:40,REGULAR
577,Radhika Majumdar,radhika.majumdar577@example.com,2024-10-31 15:30:26,REGULAR
578,Faraj Patel,faraj.patel578@example.com,2024-05-04 04:21:26,REGULAR
579,Warhi Hayre,warhi.hayre579@example.com,2024-12-09 19:20:22,REGULAR
580,Daksha Ahuja,daksha.ahuja580@example.com,2026-05-16 19:51:32,REGULAR
581,Lajita Narayan,lajita.narayan581@example.com,2024-11-21 00:22:01,REGULAR
582,Laban Mital,laban.mital582@example.com,2024-07-16 15:36:35,REGULAR
583,Varenya Murthy,varenya.murthy583@,2024-02-15 06:47:14,VIP
584,Eiravati Manne,eiravati.manne584@example.com,2025-09-30 21:46:46,PREMIUM
585,Xavier Nanda,xavier.nanda585@example.com,2024-09-13 15:46:51,REGULAR
586,Janya Comar,janya.comar586@example.com,2026-04-28 23:26:49,REGULAR
587,Pranit Bala,pranit.bala587@example.com,2026-05-21 06:45:33,REGULAR
588,Shaurya Sarma,shaurya.sarma588@example.com,2025-12-06 19:41:05,REGULAR
589,Nilima Tata,nilima.tata589@example.com,2024-01-05 07:31:12,REGULAR
590,Wyatt Krishnan,wyatt.krishnan590@example.com,2025-07-11 17:16:03,PREMIUM
591,Krishna Borah,krishna.borah591@example.com,2024-11-30 10:28:42,REGULAR
592,Nandini Warrior,nandini.warrior592@example.com,2025-01-30 17:45:59,REGULAR
593,Balhaar Parsa,balhaar.parsa593@example.com,2025-08-26 11:55:25,REGULAR
594,Ikbal Kothari,ikbal.kothari594@example.com,2025-07-10 14:07:56,REGULAR
595,Ojas Basu,ojas.basu595@example.com,2025-04-01 01:03:56,VIP
596,Garima Sani,garima.sani596@example.com,2023-11-30 21:48:18,VIP
597,Aarna Kapadia,aarna.kapadia597@example.com,2025-02-04 01:39:40,PREMIUM
598,Sanaya Prasad,sanaya.prasad598@example.com,2024-09-29 17:18:18,REGULAR
599,Hemani Bakshi,hemani.bakshi599@example.com,2025-01-05 08:12:16,REGULAR
600,Ojasvi Chada,ojasvi.chada600@example.com,2023-12-11 16:40:03,REGULAR
